{
  "initial_equity": 100000.0,
  "final_equity": 105536.41231078662,
  "total_return": 0.05536412310786609,
  "max_drawdown": -0.31198763931562856,
  "win_rate": 0.3684210526315789,
  "avg_win": 0.10762385190588349,
  "avg_loss": -0.05185279172688078,
  "num_trades": 19,
  "sharpe_like": 0.13656263224255363
}