{
  "initial_equity": 100000.0,
  "final_equity": 105292.5759992527,
  "total_return": 0.05292575999252702,
  "max_drawdown": -0.31198763931562856,
  "win_rate": 0.38095238095238093,
  "avg_win": 0.09565575908553023,
  "avg_loss": -0.048942805909967343,
  "num_trades": 21,
  "sharpe_like": 0.1307327285588498
}